Metric,Baseline,Adversarial
Demographic Parity,0.05951966585450748,0.05188391924817265
Disparate Impact,2.0118343195266273,1.3618570778334094
Equal Opportunity,0.06324786324786327,0.12051282051282053
