Metric,Baseline,Adversarial,Difference
Accuracy,0.8435374149659864,0.8616780045351474,0.01814058956916098
F1-Score,0.8214807659572722,0.8620680605988936,0.040587294641621474
